{"means": {"VWC_06": 23.589858384705323, "VWC_18": 22.207608331551832, "VWC_30": 15.58635765910423}, "scalers": {"Ta_2m_Avg": 